URL,adress,describe,detail_1,detail_2,ft,img_urls,latitude,longitude,price,stat_text,tel,title,title_minor,txt_diposit,vender_name,vender_type
https://www.idealista.com/inmueble/1684608/?xtmc=2_1_lloret&xtcr=0," Callejón Pere Codina i Mont, 57 , Distrito Fenals , Lloret de Mar , La Selva, Girona "," ""-Piso ático impecable, alegre y muy luminoso de 2/3 habitaciones: 2 dobles+1 estudio, trastero o invitados. , -Alquiler directo a propietario. , -Todo exterior, mucha luz y sol todo el día. , -Cocina completamente equipada. , -Salón-comedor con terraza. Amueblado. , -Piscina, bonita zona de jardín y cerca de la playa. , -Ascensor. Zona y edificio muy tranquilos. , -Gastos bajos. Soleado y caliente en invierno y aireado y fresco en verano. , -Posibilidad de Garaje."" ","80 m² construidos,2 habitaciones,1 baño,Terraza,Segunda mano/buen estado,Armarios empotrados,Trastero,Orientación sur,Amueblado y cocina equipada,Certificación energética: no indicado"," Planta 4ª exterior , Con ascensor , Piscina , Jardín ","80 m²,2 hab.,4ª planta exterior con ascensor",,41.6980421,2.8280837,750,Anuncio actualizado el 30 de diciembre,,"Alquiler de Piso en callejón Pere Codina i Mont, 57","Fenals, Lloret de Mar",,jesús,Particular
https://www.idealista.com/inmueble/83783412/?xtmc=2_1_lloret&xtcr=0," Avenida de Fenals, 10 , Urb. santa clotilde , Distrito Santa Clotilde , Lloret de Mar , La Selva, Girona ",,"35 m² construidos, 30 m² útiles,Sin habitación,1 baño,Terraza,Segunda mano/buen estado,Construido en 2006,Amueblado y cocina equipada,Calefacción individual: Bomba de frío/calor"," Bajo exterior , Con ascensor , Aire acondicionado , Piscina , Jardín ","35 m²,Bajo exterior con ascensor",,41.6956446,2.8225073,450,Anuncio actualizado el 9 de enero,695975520,"Alquiler de Estudio en avenida de Fenals, 10","Santa Clotilde, Lloret de Mar",,sergio benjamin,Particular
https://www.idealista.com/inmueble/35464081/?xtmc=2_1_lloret&xtcr=0," Avenida Joan Llaverias, 49 , Distrito Casc Antic , Lloret de Mar , La Selva, Girona "," ""Apartamento, exterior, tranquilo, bien comunicado, a 300 metros del mar, segunda linea."" ","45 m² construidos, 40 m² útiles,1 habitación,1 baño,Terraza,Segunda mano/buen estado,Armarios empotrados,Amueblado y cocina equipada,Certificación energética: inmueble exento"," Planta 1ª exterior , Con ascensor , Aire acondicionado ","45 m²,1 hab.,1ª planta exterior con ascensor",,41.7011829,2.854635,550,Anuncio actualizado el 20 de febrero,616172915,"Alquiler de Piso en avenida Joan Llaverias, 49","Casc Antic, Lloret de Mar",Fianza de 2 meses,Sole,Particular
https://www.idealista.com/inmueble/84095573/?xtmc=2_1_lloret&xtcr=0," Calle Montecarlo, 44 , Urb. font de sant llorenç , Distrito Serra Brava , Lloret de Mar , La Selva, Girona ",," Casa o chalet independiente,2 plantas,140 m² construidos, 120 m² útiles,3 habitaciones,2 baños,Parcela de 900 m²,Terraza,Segunda mano/buen estado,Armarios empotrados,Trastero,Orientación sur,Amueblado y cocina equipada,Certificación energética: en trámite"," Aire acondicionado , Piscina , Jardín ","140 m²,3 hab.",,41.7125678,2.8812659,8000,Anuncio actualizado el 31 de enero,,"Alquiler de Casa o chalet independiente en calle Montecarlo, 44","Serra Brava, Lloret de Mar",,paco,Particular
https://www.idealista.com/inmueble/83290881/?xtmc=2_1_lloret&xtcr=0," Calle Costa d'en Bandina , Distrito Canyelles - Montgoda , Lloret de Mar , La Selva, Girona "," ""Preciosa casa situada a 800 m del mar. Excelente ubicación en una tranquila urbanización. A tan solo 10 min del centro del pueblo. Ideal para familias. Dispone de 6 habitaciones dobles, 2 baños, 2 cocinas, 2 terrazas (19m y 35m), terreno exterior con barbacoa, 2 chimeneas, calefacción, amueblada, gran recibidor de 20 m y garaje de 36 m para dos vehículos y trastero.,Casa al detalle,La superficie total construida de la casa es de 200m2, dividida en dos apartamentos independientes compartiendo solamente el recibidor. Cada apartamento dispone de tres habitaciones de muy buen tamaño, un baño, cocina totalmente equipada. En el exterior encontramos varias terrazas y zona de barbacoa. La casa es ideal para una gran familia. Dispone de garaje para dos coche y está situada a escasos metros de la preciosa playa Cala Canyelles.,En el corazón de Costa Brava,Lloret de Mar  es el  municipio español de la comarca de la Selva, situado  en la provincia de Gerona(Costa Brava) Está dotado de unas playas excelentes de arena granulada. Posee también unas magníficas vistas al castillo en un extremo y al otro el monumento a ""La dona Marinera"" que representa el sufrimiento de las mujeres esperando la vuelta de sus maridos pescadores.         ,En Lloret de Mar encontramos dos campos de golf y uno de los más famosos parques acuáticos de la zona Water World. El camino de ronda Tossa de Mar-Lloret de Mar - Fenals, para los amantes de trekking, constituye uno de los más bellos paseos que se pueden hacer por la Costa Brava.  ."" "," Casa o chalet,2 plantas,200 m² construidos, 182 m² útiles,6 habitaciones,3 baños,Parcela de 644 m²,Plaza de garaje incluida en el precio,Amueblado y cocina equipada,Certificación energética: en trámite"," Aire acondicionado , Jardín ","200 m²,6 hab.,Garaje incluido",,41.7092768,2.877646,1650,Anuncio actualizado el 24 de enero,931342518,Alquiler de Casa o chalet en calle Costa d'en Bandina,"Canyelles - Montgoda, Lloret de Mar",,Oi Realtor Lloret,Profesional
https://www.idealista.com/inmueble/83569197/?xtmc=2_1_lloret&xtcr=0," , Distrito Casc Antic , Lloret de Mar , La Selva, Girona "," ""Alquiler temporal de bonito piso en Lloret de Mar a 450m de la playa. Dispone de comedor salón, cocina independiente totalmente equipada, tres habitaciones dobles, dos baños completos y un fantástico balcón donde poder disfrutar de las vistas hacia el mar, montaña y ciudad. Cuenta con una zona comunitaria que tiene piscina y zonas ajardinadas. Tienen a su disposición una plaza de parking en el mismo edificio para su mayor tranquilidad y comodidad. Uno de sus mayores encantos es su ubicación ya que se encuentra una zona céntrica, muy cerca de todos los servicios y la playa. Consumos y comisión de la agencia no incluida. Consultar disponibilidad ya que el precio varia dependiendo de la temporada.,[IW]."" ","106 m² construidos, 90 m² útiles,3 habitaciones,2 baños,Terraza,Plaza de garaje incluida en el precio,Construido en 1975,Amueblado y cocina equipada,Certificación energética: en trámite"," Planta 4ª , Con ascensor ","106 m²,3 hab.,4ª planta con ascensor,Garaje incluido",,41.7025076,2.8556446,700,Anuncio actualizado el 30 de enero,935438356,Alquiler de Piso en Casc Antic,Lloret de Mar,,Luxury V. B&G,Profesional
https://www.idealista.com/inmueble/84233561/?xtmc=2_1_lloret&xtcr=0," Calle Joaquim Codina i Vinyes , Distrito Santa Clotilde , Lloret de Mar , La Selva, Girona "," ""GIRONA - LLORET DE MAR,JOAQUIM CODINA I VINYES,Fantástica casa adosada con piscina comunitaria cerca de la playa. Se compone de dos plantas. En la planta baja encontramos el jardín de unos 50m², entrada, salón comedor, cocina independiente, un dormitorio y un baño con plato de ducha. En la otra planta: dos dormitorios individuales, uno tipo suite con baño completo con plato de ducha, lavadero y salida al patio. Plaza de aparcamiento y trastero. Se alquila sin muebles."" "," Casa o chalet,140 m² construidos,4 habitaciones,2 baños,Plaza de garaje incluida en el precio,Segunda mano/buen estado,Trastero,Construido en 2006"," Piscina , Jardín ","140 m²,4 hab.,Garaje incluido",,41.6953695,2.8263617,1200,Anuncio actualizado el 11 de febrero,972939625,Alquiler de Casa o chalet en calle Joaquim Codina i Vinyes,"Santa Clotilde, Lloret de Mar",,Débora,Profesional
https://www.idealista.com/inmueble/84197188/?xtmc=2_1_lloret&xtcr=0," Calle del Migdia , Distrito Casc Antic , Lloret de Mar , La Selva, Girona "," ""Altura piso 1º, piso superficie total 39 m², superficie útil 35 m², habitaciones dobles: 1, 1 baño, estado conservación: buen estado, agrupación: 5451."" ","39 m² construidos, 35 m² útiles,1 habitación,1 baño,Segunda mano/buen estado"," Planta 1ª exterior , Sin ascensor ","39 m²,1 hab.,1ª planta exterior sin ascensor",,41.7035567,2.8490145,390,Anuncio actualizado el 25 de febrero,972935628,Alquiler de Piso en calle del Migdia,"Casc Antic, Lloret de Mar",,CAT HABITAT,Profesional
https://www.idealista.com/inmueble/84308347/?xtmc=2_1_lloret&xtcr=0," , Distrito Casc Antic , Lloret de Mar , La Selva, Girona "," ""Fantástico ático en alquiler en el semi-centro de Lloret de Mar. Reformado integralmente hace tan solo 2 años, con suelos de gres/parket, superficie de 70 m2 de vivienda + 90 m2 de terraza.,Salón-comedor, con cocina americana, mucha luminosidad con salida a terraza de 90 m2, trastero independiente y toldo. Dispone de 2 habitaciones dobles, 1 de ellas suitte y con vestidor con armarios empotrados. 2 Baños completos con ducha y suelos de gres. El inmueble tiene calefacción de gas natural, puertas de madera, ventanas de aluminio, puerta con cierre de seguridad, amueblado opcional.,Finca con ascensor a tan solo 400 metros de la playa y a 2 minutos del centro.,Ático muy completo.. . ¿Se lo van a perder?,Los condiciones de alquiler son 1 mes de agencia + 2 meses de fianza, y los requisitos son contrato de trabajo y 3 ultimas nominas, se aceptan animales pequeños.,¡Contacte con nosotros!"" ","160 m² construidos, 70 m² útiles,2 habitaciones,2 baños,Terraza,Segunda mano/buen estado,Armarios empotrados"," Planta 5ª , Con ascensor ","160 m²,2 hab.,5ª planta con ascensor",,41.703131,2.853711,700,Anuncio actualizado el 25 de febrero,972080573,Alquiler de Piso en Casc Antic,Lloret de Mar,,ISMAEL PÉREZ,Profesional
https://www.idealista.com/inmueble/83622962/?xtmc=2_1_lloret&xtcr=0," Rambla de Roma Barnes, 10 , Distrito Casc Antic , Lloret de Mar , La Selva, Girona "," ""ACOGEDOR APARTAMENTO/ESTUDIO SEGUNDA LÍNEA DE MAR!,Acogedor apartamento de 55 mt2 el cual consta de una habitación doble con dos camas individuales, armario, aire acondicionado, ventanas de aluminio de doble cristal, baño con plato de ducha, cocina americana totalmente independiente y equipada con horno, microondas, vitrocerámica, nevera y lavadora. Posee un salón comedor también independiente, lo que hace una cómoda estancia a pesar de ser un estudio. ,Su proximidad a la playa de Lloret de Mar Punta de Calafats y al Paseo Marítimo hace su atractivo, al igual de su cercanía a Bancos, Supermercados, restaurantes, Ayuntamiento, parada de bus, etc. ,¡No dejes escapar esta oportunidad! Contactanos para más detalles o para hacer una visita.,NO DUDES EN CONTACTARNOS!"" ","55 m² construidos,1 habitación,1 baño,Segunda mano/buen estado,Armarios empotrados,Orientación sur,Amueblado y cocina equipada"," Planta 1ª exterior , Sin ascensor , Aire acondicionado ","55 m²,1 hab.,1ª planta exterior sin ascensor",,41.6982907,2.8457309,425,Anuncio actualizado el 25 de enero,932826079,"Alquiler de Piso en rambla de Roma Barnes, 10","Casc Antic, Lloret de Mar",Fianza de 2 meses,Valeria P.,Profesional
https://www.idealista.com/inmueble/84317095/?xtmc=2_1_lloret&xtcr=0," Avenida Just Marles , Distrito Casc Antic , Lloret de Mar , La Selva, Girona "," ""PISO EN ALQUILER REFORMADO A ESTRENAR!,Apartamento totalmente reformado, todo a estrenar, con exteriores de aluminio con cristal doble, suelo laminado color roble, y salon cocina equipada con vitroceramica, nevera y lavadoray varios muebles con puertas y cajones.,2 habitaciones con armarios empotrados de puertas correderas, una de ellas doble de matrimonio con salida a la terraza.,Baño con plato de ducha y mampara de cristal.,Todo nuevo reformado con buenos y modernos materiales, comunidad de vecinos al lado de la estacion de autobuses, a 2 minutos anadando de la playa y a tocar de todas las conexiones hacia Blanes, Vidreres y Tossa.,Terraza comoda y amplia con vistas laterales al mar.,Solicite más información en LLORETDEMAR. COM y BLANES. COM PUNT IMMOBILIARI. ,El equipo comercial más amplio de la Costa Brava Sur.,Compra y venda con transparencia y seguridad.,Requisitos laborales y condiciones de alquiler:,*2 mensualidades de fianza,*1 mensualidad +iva gestion inmobiliaria,*Mensualidad en curso,* ITP,* Aportar contrato de trabajo de más de 1 año,*Contrato y 2 últimas nóminas,* Declaración de la Renta 2017,Es necesario pasar el filtro de la Compañia Aseguradora (cuya prima paga el propietario) consistente en que la mensualidad de alquier con respecto a los ingresos fijos mensuales no puede superar el 40% de endeudamiento. En caso de superarlo será necesario tener un fiador aportando la misma documentación antes indicada.,En cumplimiento de la ley 3/2917 del 13 de febrero de 2018 del CODIGO CIVIL DE CATALUNYA, por el que se aprueba el Reglamento de Información al Consumidor en la compraventa y arrendamiento de viviendas en CATALUÑA, se informa al cliente que los gastos notariales, registrales e impuestos que le sean de aplicación ( ITP ó IVA + AJD ) y otros gastos inherentes a la compraventa no están incluidos en el precio. ""."" ","55 m² construidos, 40 m² útiles,2 habitaciones,1 baño,Terraza,Segunda mano/buen estado,Armarios empotrados,Orientación oeste,Construido en 1966,Cocina equipada y casa sin amueblar,Vivienda apta para su uso por personas con movilidad reducida"," Planta 5ª exterior , Con ascensor ","55 m²,2 hab.,5ª planta exterior con ascensor",,41.6996498,2.841574,650,Anuncio actualizado el 25 de febrero,972939579,Alquiler de Piso en avenida Just Marles,"Casc Antic, Lloret de Mar",Fianza de 2 meses,Lloretdemar.com punt immobiliari,Profesional
https://www.idealista.com/inmueble/84438388/?xtmc=2_1_lloret&xtcr=0," Calle Petúnies , Urb. Serra Brava , Distrito Serra Brava , Lloret de Mar , La Selva, Girona "," ""Extraordinaria y moderna propiedad con vistas privilegiadas al mar, Lloret, Blanes y Barcelona.,Orientación privilegiada (sur), sol todo el día. ,La casa de reciente construcción, con buen proyecto arquitectónico que distribuye y adapta el programa y las estancias al terreno en pendiente, consiguiendo una casa abierta al exterior con diferentes terrazas y ambientes.,Es una propiedad de 270 m2 situada en una parcela de 750m2, con terrazas, jardín, piscina, comedor exterior.,En la Planta Baja está situado el garaje. ,En la Planta Primera encontramos un gran salón-comedor con cocina americana, un dormitorio doble y un baño con ducha de obra. Desde el comedor podemos acceder a una gran terraza con maravillosas y privilegiadas vistas del mar mediterráneo.,En la Planta Segunda encontramos dos habitaciones dobles y un baño completo con cabina de ducha de obra. ,Todas las habitaciones tienen acceso directo a un gran terraza común y vistas al mar, desde la cual se puede acceder a la piscina.,Desde el comedor también podemos acceder directamente al jardín principal con piscina.,Vivienda de nueva construcción, de tan sólo 5 años de antigüedad, con acabados de alta calidad: gres cerámico en toda la casa, encimera en cocina de granito, carpintería de aluminio con doble acristalamiento, climatización frio-calor mediante conductos, placa solar para ACS, alarma e iluminación led.,En la localidad turística de Lloret de Mar, está ubicada esta magnífica casa, en la urbanización de Serra Brava, que cuenta con un restaurante, un supermercado, piscina, campo de fútbol y de tenis. Se encuentra a 5 minutos de la playa de Cala Canyelles, con un bonito puerto, restaurante y zona de juegos."" "," Casa o chalet independiente,3 plantas,270 m² construidos,3 habitaciones,2 baños,Parcela de 750 m²,Terraza,Plaza de garaje incluida en el precio,Segunda mano/buen estado,Trastero,Orientación sur,Amueblado y cocina equipada,Calefacción individual,Certificación energética: en trámite"," Aire acondicionado , Piscina , Jardín ","270 m²,3 hab.,Garaje incluido",,41.7174564,2.8721562,3000,Anuncio actualizado el 26 de febrero,935430153,Alquiler de Casa o chalet independiente en calle Petúnies,"Serra Brava, Lloret de Mar",,Barcelona Realty Group .,Profesional
https://www.idealista.com/inmueble/84350429/?xtmc=2_1_lloret&xtcr=0," CR./ SANTA EULALIA , Distrito Fenals , Lloret de Mar , La Selva, Girona "," ""Casa ubicada en el casco antiguo, al lado de la iglesia y a 2 dos minutos caminando a la playa.,Dispone de tres plantas, en la primera esta el salon independiente, cocina reformada con horno y un aseo. En la segunda, hay tres habitacion dobles, un de ellas con armarios empotrados, las tres son exteriores con grandes ventanales, suelo nuevo imitación parquet y un cuarto de baño completo con bañera.,En la tercera hay un espacio abierto con salida a la terraza, vistas a mar.,Se alquila sin muebles ni electrodomesticos."" "," Casa o chalet independiente,3 plantas,107 m² construidos, 100 m² útiles,3 habitaciones,2 baños,Terraza,Segunda mano/buen estado,Armarios empotrados,Orientación sur,Cocina equipada y casa sin amueblar,No dispone de calefacción",,"107 m²,3 hab.",,41.6985401,2.8436866,650,Anuncio actualizado el 26 de febrero,972935249,Alquiler de Casa o chalet independiente en CR./ SANTA EULALIA,"Fenals, Lloret de Mar",Fianza de 2 meses,Finques Proa,Profesional
https://www.idealista.com/inmueble/84414191/?xtmc=2_1_lloret&xtcr=0," RIU DE LA PLATA, 28 , Distrito Fenals , Lloret de Mar , La Selva, Girona "," """"DOS MESES DE ALQUILER GRATIS,""SIN GASTOS DE AGENCIA NI DE FORMALIZACIÓN DE CONTRATO,Si lo que buscas es un piso, todo exterior, listo para entrar a vivir y todo totalmente reformado.,gastos de comunidad e impuestos incluidos en el alquiler,recién pintado,teléfono de asistencia al inquilino 24 h.,Listo para entrar a vivir ya,Se aceptan mascotas.,Descripción,Piso en alquiler en Lloret de mar, Gerona. Dispone de una superficie de 60 m² distribuidos en 1 habitación con armario empotrado, salón-comedor, cocina, 1 baño y terraza. Edificio con ascensor situado en una zona turística, alrededor de comercios, servicios, restaurantes y paradas de autobús. Fácil acceso a la GI-682. Se alquila sin amueblar.,GASTOS DE FORMALIZACIÓN:,Mes en curso.,Fianza 2 meses de alquiler.,ITP.,Contratación de seguro del hogar-responsabilidad civil.,Los gastos de conexión de los suministros son a cargo de los arrendadores. (Se entregan los boletines a la formalización del contrato).,LLÁMANOS, CONCERTAREMOS VISITA Y TE MOSTRAREMOS LAS CONDICIONES DE CONTRATACIÓN"".,TELF COMERCIAL: 660 108 477. ""."" ","61 m² construidos,1 habitación,1 baño,Terraza,Segunda mano/buen estado,Cocina equipada y casa sin amueblar,Se admiten mascotas,Calefacción individual: Gas natural"," Planta 3ª exterior , Con ascensor ","61 m²,1 hab.,3ª planta exterior con ascensor",,41.6974827,2.833461,375,Anuncio actualizado el 24 de febrero,935437190,"Alquiler de Piso en RIU DE LA PLATA, 28","Fenals, Lloret de Mar",Fianza de 2 meses,universalis valles .,Profesional
https://www.idealista.com/inmueble/39801780/?xtmc=2_1_lloret&xtcr=0," Calle Domènech Carles , Urb. SOL FENALS , Distrito Fenals , Lloret de Mar , La Selva, Girona "," ""Piso de 2 dormitorios a un paso de la playa de Fenals.,El piso consta de un ámplio salón comedor con salida a gran terraza vistas a mar y a la zona de piscina y jardín. ,Gran cocina equipada con electrodomésticos y lavadero.,Dos dormitorios dobles con salida a terrazas, el primero con cama de matrimonio y el segundo con dos camas individuales. ,Baño completo con bañera. ,La zona comunitaria se compone de bonito jardín y gran piscina. ,Plaza de aparcamiento situado en los sótanos del mismo edificio incluida en el precio.,Situación excepcional.,Para concertar visitas acuda por nuestra oficina.,*Impuestos y gastos no incluidos en el precio."" ","89 m² construidos, 80 m² útiles,2 habitaciones,2 baños,Terraza,Balcón,Plaza de garaje incluida en el precio,Segunda mano/buen estado,Armarios empotrados,Orientación sur,Amueblado y cocina equipada,Calefacción individual: Gas natural,Acceso adaptado a personas con movilidad reducida,Vivienda apta para su uso por personas con movilidad reducida"," Planta 1ª exterior , Con ascensor , Piscina , Jardín ","89 m²,2 hab.,1ª planta exterior con ascensor,Garaje incluido",,41.6962386,2.8346312,850,Anuncio actualizado el 17 de enero,972935249,Alquiler de Piso en calle Domènech Carles,"Fenals, Lloret de Mar",Fianza de 2 meses,Finques Proa,Profesional
https://www.idealista.com/inmueble/28959800/?xtmc=2_1_lloret&xtcr=0," Calle Narcís Macià i Domènech, 30 , Distrito Fenals , Lloret de Mar , La Selva, Girona "," ""ALQUILER JULIO AGOSTO SEPTIEMBRE,JULIO 1950€,AGOSTO 2150€,SEPTIEMBRE 1300€,completamente equipado de todo y muy Equipado de Menaje e utensilios cocina nevera lavadora microondas etc. para 4 personas,Aire acond. terraza-Piscina, situado en la mejor zona de fanals 1 dorm doble gran salon 25 mts muy espacioso y muy nuevo a 200 mts playa y junto a todos los servicios colegios-super-ambulatorio."" ","48 m² construidos, 45 m² útiles,1 habitación,1 baño,Terraza,Segunda mano/buen estado,Armarios empotrados,Orientación oeste,Amueblado y cocina equipada,Se admiten mascotas,Calefacción individual: Eléctrica,Certificación energética: en trámite"," Planta 3ª exterior , Con ascensor , Aire acondicionado , Piscina , Jardín ","48 m²,1 hab.,3ª planta exterior con ascensor",,41.6975635,2.8295,1300,Anuncio actualizado el 21 de enero,650161540,"Alquiler de Piso en calle Narcís Macià i Domènech, 30","Fenals, Lloret de Mar",,julio,Particular
https://www.idealista.com/inmueble/1791959/?xtmc=2_1_lloret&xtcr=0," Calle Rio de la Plata, 15 , Urb. FENALS , Distrito Fenals , Lloret de Mar , La Selva, Girona "," ""Alquilo a partir de septiembre 2019 hasta 30 junio 2020(prorrogable mismos meses), al lado de todos los servicios (restaurantes, tiendas, taxi, farmacias) y a 150 metros de la playa, con parking comunitario y terraza. (precio incluida comunidad, basuras).,wifi(incluido)."" ","60 m² construidos, 55 m² útiles,2 habitaciones,1 baño,Terraza,Plaza de garaje incluida en el precio,Segunda mano/buen estado,Armarios empotrados,Orientación sur,Amueblado y cocina equipada,Certificación energética: no indicado"," Planta 1ª exterior , Con ascensor ","60 m²,2 hab.,1ª planta exterior con ascensor,Garaje incluido",,41.696827,2.8334206,700,Anuncio actualizado el 18 de febrero,680533759,"Alquiler de Piso en calle Rio de la Plata, 15","Fenals, Lloret de Mar",Fianza de 2 meses,c00354533,Particular
https://www.idealista.com/inmueble/83918042/?xtmc=2_1_lloret&xtcr=30," , Distrito Can Sabata - Mas Baell , Lloret de Mar , La Selva, Girona "," ""Piso en zona inmejorable cerca de los colegios y pabellón deportivo. Tiene dos habitaciones dobles, baño completo, cocina independiente toda equipada, lavaderos y salón comedor con salida a terraza. Ven a verlo!"" ","65 m² construidos, 60 m² útiles,2 habitaciones,1 baño,Terraza,Segunda mano/buen estado,Armarios empotrados,Trastero,Amueblado y cocina equipada"," Planta 1ª exterior , Sin ascensor ","65 m²,2 hab.,1ª planta exterior sin ascensor",,41.703101,2.8399756,660,Anuncio actualizado el 3 de febrero,972933912,Alquiler de Piso en Can Sabata - Mas Baell,Lloret de Mar,,Orlando Lazaro serveis immobiliaris,Profesional
https://www.idealista.com/inmueble/82922749/?xtmc=2_1_lloret&xtcr=30," CR SERAFI , Distrito Comtat de Jaruco - Puigventós , Lloret de Mar , La Selva, Girona "," ""Chalet en una de las mejores zonas residenciales de Lloret. Está dividida en tres plantas, el sótano que tiene espacio para dos coches. Primera planta con el salon, cocina independiente, un aseo + una oficina.,La segunda planta cuenta con dos habitaciones dobles, una individual y un wc con plato de ducha + una suite con vestidor y un gran cuarto de baño con bañera de hidromasaje + ducha., Gran porche con piscina de obra, mucha zona de jardín, vistas despejadas y mucho sol."" "," Casa o chalet independiente,292 m² construidos, 138 m² útiles,4 habitaciones,3 baños,Terraza,Balcón,Plaza de garaje incluida en el precio,Segunda mano/buen estado,Armarios empotrados,Trastero,Orientación sur,Amueblado y cocina equipada,Calefacción central: Gasoil",,"292 m²,4 hab.,Garaje incluido",,41.7078226,2.8218132,1800,Anuncio actualizado el 16 de enero,972935249,Alquiler de Casa o chalet independiente en CR SERAFI,"Comtat de Jaruco - Puigventós, Lloret de Mar",Fianza de 2 meses,Finques Proa,Profesional
https://www.idealista.com/inmueble/84210179/?xtmc=2_1_lloret&xtcr=30," Avenida Doctor Fleming , Distrito Barri Dels Pescadors , Lloret de Mar , La Selva, Girona "," ""Oi Realtor presenta en exclusiva bonito apartamento en alquiler con opción a compra en Barri dels  Pescadors en una de las zonas más tranquilas y cercanas tanto al centro de la ciudad, como a la playa principal de Lloret de Mar con zonas infantiles y típicos restaurantes costeros. Dispone de dos dormitorios de buen tamaño, baño totalmente equipado, cocina americana, salón comedor, terraza cubierta con vistas al mar.,El apartamento al detalle,Maravillosa oportunidad, apartamento de 70 metros cuadrados construidos compuesto por dos dormitorios, uno de ellos doble y otro simple, baño totalmente equipado, cocina totalmente equipada con los electrodomésticos necesarios, salón comedor muy amplio y soleado con salida directa al balcón acristalado con vistas al mar. Toda una oportunidad de hacerse con una vivienda situada a solo cinco minutos a pie de la playa principal de Lloret de Mar y servicios necesarios para el día a día. El apartamento está en venta por 125.000€ o en alquiler con opción a compra.,En el corazón de la Costa Brava,Lloret de Mar  es el  municipio español de la comarca de la Selva, situado  en la provincia de Gerona(Costa Brava) Está dotado de unas playas excelentes de arena granulada. El puerto náutico de Cañellas es el único puerto deportivo de Lloret de Mar, situado en la playa de Canyellas, y donde se pueden amarrar embarcaciones de tamaño medio. Los aeropuertos internacionales  más cercanos son el de Gerona - Costa brava a 30 Km. y el de Barcelona a 75 Km. El aeropuerto de Gerona, comunica Lloret de Mar con un buen número de ciudades europeas y también tiene un importante tráfico de vuelos chárter. El aeropuerto de Barcelona está conectado con vuelos regulares con las principales ciudades del mundo.,En Lloret de Mar encontramos dos campos de golf y uno de los más famosos parques acuáticos de la zona. El camino de ronda Lloret de Mar - Fenals constituye una de los más bellos paseos que se pueden hacer por la Costa Brava."" ","60 m² construidos, 56 m² útiles,2 habitaciones,1 baño,Segunda mano/buen estado,Orientación sur,Construido en 1981"," exterior , Con ascensor , Aire acondicionado ","60 m²,2 hab.,con ascensor",,41.7028778,2.8560502,600,Anuncio actualizado el 8 de febrero,931342518,Alquiler de Piso en avenida Doctor Fleming,"Barri Dels Pescadors, Lloret de Mar",,Oi Realtor Lloret,Profesional
https://www.idealista.com/inmueble/84414009/?xtmc=2_1_lloret&xtcr=30," mas baell, 1 , Distrito Can Sabata - Mas Baell , Lloret de Mar , La Selva, Girona "," """"UN MES DE ALQUILER GRATIS,""SIN GASTOS DE AGENCIA NI DE FORMALIZACIÓN DE CONTRATO,Si lo que buscas es un piso, todo exterior, listo para entrar a vivir y todo totalmente reformado.,gastos de comunidad e impuestos incluidos en el alquiler,recién pintado,teléfono de asistencia al inquilino 24 h.,Listo para entrar a vivir ya,Se aceptan mascotas.,Descripción,Piso en alquiler en Lloret de mar, Gerona. Dispone de una superficie de 83 m² distribuidos en 3 habitaciones, salón-comedor, cocina con lavadero, 1 baño y el balcón. Vivienda situada muy cerca de un colegio y en sus inmediaciones hay comercios y servicios así como paradas de autobús. Fácil acceso a la GI-682. Se alquila sin amueblar.,GASTOS DE FORMALIZACIÓN:,Mes en curso.,Fianza 2 meses de alquiler.,ITP.,Contratación de seguro del hogar-responsabilidad civil.,Los gastos de conexión de los suministros son a cargo de los arrendadores. (Se entregan los boletines a la formalización del contrato).,LLÁMANOS, CONCERTAREMOS VISITA Y TE MOSTRAREMOS LAS CONDICIONES DE CONTRATACIÓN"".,TELF COMERCIAL: 660 108 477."" ","83 m² construidos,3 habitaciones,1 baño,Balcón,Segunda mano/buen estado,Cocina equipada y casa sin amueblar,Se admiten mascotas,Calefacción individual: Gas natural"," Planta 2ª exterior , Sin ascensor ","83 m²,3 hab.,2ª planta exterior sin ascensor",,41.7060418,2.8461277,490,Anuncio actualizado el 24 de febrero,935437190,"Alquiler de Piso en mas baell, 1","Can Sabata - Mas Baell, Lloret de Mar",Fianza de 2 meses,universalis valles .,Profesional
https://www.idealista.com/inmueble/82939181/?xtmc=2_1_lloret&xtcr=30," Calle de Mas Baell , Distrito Can Sabata - Mas Baell , Lloret de Mar , La Selva, Girona "," ""Piso en alquiler en Lloret de mar, Gerona. Dispone de una superficie de 83 mÂ² distribuidos en 3 habitaciones, salÃ³n-comedor, cocina con lavadero, 1 baÃ±o y el balcÃ³n. Vivienda situada muy cerca de un colegio y en sus inmediaciones hay comercios y servicios asÃ como paradas de autobÃºs. FÃ¡cil acceso a la GI-682. Se alquila sin amueblar. Ver mÃ¡s ofertas especiales en alquilovers. com."" ","83 m² construidos, 65 m² útiles,3 habitaciones,1 baño,Segunda mano/buen estado"," Planta 2ª exterior , Sin ascensor ","83 m²,3 hab.,2ª planta exterior sin ascensor",,41.7045418,2.8480277,420,Anuncio actualizado el 25 de febrero,972935628,Alquiler de Piso en calle de Mas Baell,"Can Sabata - Mas Baell, Lloret de Mar",,CAT HABITAT,Profesional
https://www.idealista.com/inmueble/84069041/?xtmc=2_1_lloret&xtcr=30," prats, 1 , Distrito Can Sabata - Mas Baell , Lloret de Mar , La Selva, Girona "," ""bien conunicado."" ","80 m² construidos,2 habitaciones,1 baño,Terraza,Balcón,Segunda mano/buen estado,Armarios empotrados,Cocina equipada y casa sin amueblar,Se admiten mascotas"," Planta 4ª exterior , Con ascensor ","80 m²,2 hab.,4ª planta exterior con ascensor",,41.7078214,2.8456661,550,Anuncio actualizado el 29 de enero,630432355,"Alquiler de Ático en prats, 1","Can Sabata - Mas Baell, Lloret de Mar",Fianza de 2 meses,carmen Sánchez catala,Particular
https://www.idealista.com/inmueble/38143010/?xtmc=2_1_lloret&xtcr=30," , Distrito Barri Dels Pescadors , Lloret de Mar , La Selva, Girona "," ""SE ALQUILA SOLO HASTA FINALES DE MAYO DE 2019! ,Piso totalmente equipado y listo para entrar a vivir. Tiene un dormitorio, salon, cocina separada, baño, terraza y piscina comunitaria. Opcion de Internet Wifi (se paga a parte). Gastos de suministros se pagan a parte!"" ","35 m² construidos,1 habitación,1 baño,Terraza,Segunda mano/buen estado,Armarios empotrados,Amueblado y cocina equipada,Se admiten mascotas"," Entreplanta exterior , Sin ascensor , Piscina , Jardín ","35 m²,1 hab.,Entreplanta exterior sin ascensor",,41.7059776,2.8552288,380,Anuncio actualizado el 25 de febrero,935438539,Alquiler de Piso en Barri Dels Pescadors,Lloret de Mar,,EH Real Estate,Profesional
https://www.idealista.com/inmueble/82683050/?xtmc=2_1_lloret&xtcr=30," Calle Madrid, 4 , Distrito Canyelles - Montgoda , Lloret de Mar , La Selva, Girona "," ""Preciosa casa situada a 800 m del mar. Excelente ubicación en una tranquila urbanización. A tan solo 10 min del centro del pueblo. Ideal para familias. Dispone de 6 habitaciones dobles, 2 baños, 2 cocinas, 2 terrazas (19m y 35m), terreno exterior con barbacoa, 2 chimeneas, calefacción, amueblada, gran recibidor de 20 m y garaje de 36 m para dos vehículos y trastero. Ha sido una casa familiar, muy cuidada y en buen estado, perfecta para entrar a vivir sin necesidad de reformas."" "," Casa o chalet independiente,4 plantas,182 m² construidos,6 habitaciones,2 baños,Parcela de 644 m²,Terraza,Plaza de garaje incluida en el precio,Segunda mano/buen estado,Armarios empotrados,Trastero,Amueblado y cocina equipada",,"182 m²,6 hab.,Garaje incluido",,41.7087973,2.8781646,1650,más de 2 meses sin actualizar,646749590,"Alquiler de Casa o chalet independiente en calle Madrid, 4","Canyelles - Montgoda, Lloret de Mar",,Celia Jimenez,Particular
https://www.idealista.com/inmueble/83970569/?xtmc=2_1_lloret&xtcr=30," Calle Turo De L´estelat , Distrito Casc Antic , Lloret de Mar , La Selva, Girona "," ""Se alquila piso a trescientos metros de la playa. Dispone de comedor salón, cocina independiente totalmente equipada, tres habitaciones dobles, dos baños uno con bañera y otro con plata de ducha. Terraza donde poder disfrutar de las vistas hacia el mar, montaña y ciudad. Cuenta con una zona comunitaria que tiene piscina y zonas ajardinadas. Calefacción Gas Natural. Finca tiene ascensor. Tienen a su disposición una plaza de parking en el mismo edificio para su mayor tranquilidad y comodidad."" ","100 m² construidos, 87 m² útiles,3 habitaciones,2 baños,Terraza,Plaza de garaje incluida en el precio,Segunda mano/buen estado,Armarios empotrados,Orientación sur, este,Amueblado y cocina equipada,Calefacción individual,Certificación energética: en trámite"," Planta 4ª exterior , Con ascensor , Piscina ","100 m²,3 hab.,4ª planta exterior con ascensor,Garaje incluido",,41.7022076,2.8540446,675,Anuncio actualizado el 24 de enero,972930841,Alquiler de Piso en calle Turo De L´estelat,"Casc Antic, Lloret de Mar",,Nou Sostre,Profesional
https://www.idealista.com/inmueble/83940040/?xtmc=2_1_lloret&xtcr=30," Calle sant Jaume , Distrito Canyelles - Montgoda , Lloret de Mar , La Selva, Girona "," ""Dos palabras definen a esta vivienda de alquiler: soleada y tranquila.,Su óptima distribución de 3 habitaciones ( una suite y dos individuales), cocina con luz natural, dos baños, salón comedor con salida directa a un bonito y tranquilo jardín.,Otra de las cosas atractivas de esta magnífica planta baja es su ubicación, ya que está a 5´andando de la playa y 2′ de uno de lo supermercados más completos de la zona.,Se alquila amueblado y cuenta con plaza de parking en el mismo edificio.,No te la pierdas!"" ","75 m² construidos,3 habitaciones,2 baños,Terraza,Plaza de garaje incluida en el precio,Segunda mano/buen estado,Amueblado y cocina equipada,Certificación energética: en trámite"," Bajo exterior , Con ascensor , Aire acondicionado ","75 m²,3 hab.,Bajo exterior con ascensor,Garaje incluido",,41.7042714,2.8566294,900,Anuncio actualizado el 22 de enero,935438494,Alquiler de Piso en calle sant Jaume,"Canyelles - Montgoda, Lloret de Mar",,Realtaria Inmobari Mar,Profesional
https://www.idealista.com/inmueble/39910461/?xtmc=2_1_lloret&xtcr=30," , Distrito Casc Antic , Lloret de Mar , La Selva, Girona "," ""Se alquila piso en la parte tranquila del centro. Amplio salón con salida a la terraza con vistas despejadas, 3 dormitorios dobles con salida a la misma terraza, 2 baños completos, cocina individual, lavadero. Fincas con ascensor y piscina comunitaria. Plaza de parking en la misma finca. Se alquila para todo el año o para temporada (consultar precio)[IW]."" ","90 m² construidos,3 habitaciones,2 baños,Terraza,Segunda mano/buen estado,Orientación sur,Amueblado y cocina equipada"," Planta 4ª exterior , Con ascensor ","90 m²,3 hab.,4ª planta exterior con ascensor",,41.7038076,2.8553446,675,Anuncio actualizado el 25 de febrero,972935712,Alquiler de Piso en Casc Antic,Lloret de Mar,,FINQUES MRS,Profesional
https://www.idealista.com/inmueble/34307857/?xtmc=2_1_lloret&xtcr=30," Avenida joan llaverias, 27 , Urb. Centro , Distrito Casc Antic , Lloret de Mar , La Selva, Girona "," ""Alquiler hasta JUNIO **** Estudio amueblado, con terraza compartida. 280€ por mes + un mes de garantía ,+ 100€ gasto gestion. Alquiler solo hasta Junio. Contactar solo por whatsapp. 0034 691205369."" ","30 m² construidos, 29 m² útiles,Sin habitación,1 baño,Segunda mano/buen estado,Amueblado y cocina equipada"," Planta 2ª exterior , Sin ascensor ","30 m²,2ª planta exterior sin ascensor",,41.7008757,2.8537213,280,Anuncio actualizado el 22 de enero,691205369,"Alquiler de Estudio en avenida joan llaverias, 27","Casc Antic, Lloret de Mar",Fianza de 1 mes,Christian,Particular
https://www.idealista.com/inmueble/40325255/?xtmc=2_1_lloret&xtcr=30," , Distrito Serra Brava , Lloret de Mar , La Selva, Girona "," ""Bonito apartamento con capacidad para 6 personas en la planta baja, dispone de comedor salón, cocina y 3 dormitorios, 2 baños y un bonito balcón donde podrá disfrutar de las fantásticas vistas al mar. Tiene chimenea, wifi, jardín comunitario, barbacoa y un aparcamiento dentro del mismo recinto al aire libre pero cubierto para un coche.,Se encuentra a 3 km ""Playa de Cala Canyelles"". ,Se alquila a partir de 4 meses mínimo, desde el mes de octubre a marzo 600€ y de abril a septiembre 800€, Suministros y comisión de agencia no incluidos en el precio, consultar disponibilidad. [IW]."" ","75 m² construidos,3 habitaciones,2 baños,Terraza,Balcón,Segunda mano/buen estado,Construido en 1972,Amueblado y cocina equipada,Certificación energética: en trámite"," Bajo exterior , Sin ascensor ","75 m²,3 hab.,Bajo exterior sin ascensor",,41.7207183,2.8723804,600,Anuncio actualizado el 4 de febrero,935438356,Alquiler de Piso en Serra Brava,Lloret de Mar,,Luxury V. B&G,Profesional
https://www.idealista.com/inmueble/1708874/?xtmc=2_1_lloret&xtcr=30," Calle Torrentó, 41 , Urb. Sant jordi centre , Distrito Casc Antic , Lloret de Mar , La Selva, Girona "," ""En el centro de lloret, a 50 mts de la playa y 50 mts de la estación de autobuses. Todo amueblado y equipado para entrar a vivir. Conexión telefónica disponible. TV, antena parabólica varios idiomas, distribución:, terraza descubierta de 4 m2, 4 vecinos en el edificio."" ","40 m² construidos, 35 m² útiles,Sin habitación,1 baño,Terraza,Balcón,Segunda mano/buen estado,Armarios empotrados,Orientación oeste,Amueblado y cocina equipada,Certificación energética: no indicado"," Planta 4ª exterior , Con ascensor , Piscina ","40 m²,4ª planta exterior con ascensor",,41.6998357,2.8441252,495,Anuncio actualizado el 24 de febrero,630481963,"Alquiler de Estudio en calle Torrentó, 41","Casc Antic, Lloret de Mar",Fianza de 2 meses,peter,Particular
https://www.idealista.com/inmueble/83772490/?xtmc=2_1_lloret&xtcr=30," Avenida de Fenals, 10 , Distrito Santa Clotilde , Lloret de Mar , La Selva, Girona "," ""Alquilamos estudio en muy buen estado, zona comunitaria muy cuidada, aire acondicionado y calor, totalmente amueblado, posibilidad de alquilar una plaza de parking, playa tipo cala muy bonita y tranquila tipica de la Costa Brava, Zona muy tranquila, turismo familiar.,Busacamos persona que busque piso para vivir todo el año.,Buscamos persona responsable, con contrato laboral y nómina. Pedimos 2 meses de fianza que será depositada en el INCASOL y devuelta una vez se deje el piso libre.,Nosotros nos hacemos cargo del IBI y de los gastos comunitarios, el inquilno se hace cargo del pago de las basuras y de los suministros. El precio de la gestión del contrato (unos 300€) lo paga el inquilino. No hay comisiones ni gastos de inmobiliaria ya que somos particulares.,Este anuncio es solo para particulares."" ","36 m² construidos, 31 m² útiles,Sin habitación,1 baño,Segunda mano/buen estado,Amueblado y cocina equipada"," Bajo exterior , Con ascensor , Aire acondicionado , Piscina , Jardín ","36 m²,Bajo exterior con ascensor",,41.6956446,2.8225073,450,Anuncio actualizado el 14 de enero,938430359,"Alquiler de Estudio en avenida de Fenals, 10","Santa Clotilde, Lloret de Mar",Fianza de 2 meses,Benjamin Ros,Particular
https://www.idealista.com/inmueble/84223654/?xtmc=2_1_lloret&xtcr=30," Urb. Centre , Distrito Casc Antic , Lloret de Mar , La Selva, Girona "," ""Casa de pueblo en alquiler en pleno centro de la población.,Esta preciosa casa reformada de tres plantas se compone de la siguiente manera.,Planta baja: recibidor en escalera con acceso al espacioso salón comedor. Encontramos también la cocina abierta al comedor totalmente equipada de muebles y electrodomésticos. Dispone de una chimenea eléctrica decorativa.,Primera planta: Dos dormitorios dobles, uno de ellos pensado para niños con dos camitas individuales y el otro un amplio dormitorio con cama de matrimonio. Baño completo con plato de ducha.,Planta segunda: Encontramos una habitación doble con salida a terraza privada. Esta también esta amueblada con dos camas individuales. La terraza exterior es muy soleada y con buenas vistas hacia la población. También hay un baño completo con plato de ducha además de el termo eléctrico de 100 litros y la lavadora.,Cuenta también la casa con una gran terraza en la parte superior donde disfrutar del buen sol y sus espectaculares vistas.,Esta casa ha sido reformada íntegramente en su totalidad por lo que se estrena en su actualidad.,Pida más información en nuestra oficina.,*Impuestos y gastos no incluidos en el precio."" "," Casa o chalet independiente,3 plantas,118 m² construidos, 88 m² útiles,3 habitaciones,2 baños,Parcela de 44 m²,Terraza,Segunda mano/buen estado,Armarios empotrados,Orientación sur,Amueblado y cocina equipada,Calefacción individual: Eléctrica",,"118 m²,3 hab.",,41.7017705,2.8493792,865,Anuncio actualizado el 11 de febrero,972935249,"Alquiler de Casa o chalet independiente en Urb. Centre, Casc Antic",Lloret de Mar,,Finques Proa,Profesional
https://www.idealista.com/inmueble/84251189/?xtmc=2_1_lloret&xtcr=30," Avenida de Fenals , Distrito Santa Clotilde , Lloret de Mar , La Selva, Girona "," ""Precioso piso de 3 habitaciones y 2 cuartos de baños. Dispone de comedor-estar con salida al balcón y cocina completa independiente. Se alquila amueblado y con parking incluido. Quien busque un hogar para vivir todo el año, ya lo ha encontrado."" ","120 m² construidos, 112 m² útiles,3 habitaciones,2 baños,Terraza,Balcón,Plaza de garaje incluida en el precio,Segunda mano/buen estado,Armarios empotrados,Orientación sur,Amueblado y cocina equipada,Calefacción individual: Eléctrica,Certificación energética: en trámite,Acceso adaptado a personas con movilidad reducida,Vivienda apta para su uso por personas con movilidad reducida"," Planta 1ª exterior , Con ascensor , Piscina , Jardín ","120 m²,3 hab.,1ª planta exterior con ascensor,Garaje incluido",,41.6942887,2.8241802,850,Anuncio actualizado el 22 de febrero,972936614,Alquiler de Piso en avenida de Fenals,"Santa Clotilde, Lloret de Mar",,Inmobiliarium,Profesional
https://www.idealista.com/inmueble/84400677/?xtmc=2_1_lloret&xtcr=30," Calle d'Agustí Cabañas, 9 , Distrito Casc Antic , Lloret de Mar , La Selva, Girona "," ""El alojamiento,Antigua casa de pueblo completamente reformada en un loft de 3 plantas. Cerca de la playa, de las tiendas, restaurantes, zona de compras y ocio de Lloret de Mar. El loft se alquila para maximo 4 personas. Ideal para los que necesitan tranquilidad y poder disfrutar de la playa y el sol.,Aunque esta situado en pleno centro de Lloret de Mar es muy tranquilo y ofrece mucha privacidad. ,Consta de 3 plantas y una terraza orientación Este:,Planta baja consta de cocina, zona comedor, aseo, zona chillout. La cocina esta completamente equipada (horno, lavavajillas, cocina de gas, microondas, cafetera Nespresso, hervidor agua, tostadora) y tiene una amplia despensa.,Panta 1 consta de zona sala de estar y zona trabajo. Hay un sofá cama de 165cm/200cm, televisión con aceso a Internet, Netflix.,En la segunda planta esta el dormitorio principal de la vivienda con una cama queen size 160/200cm, baño con ducha, vestidor y salida a la terraza. La terrada tiene unos 10m2, esta iluminada, amueblada y dispone de ducha.,Las tres plantas se comunican por una escalera de caracol y los 3 espacios son abiertos.,La casa tiene conexión a Internet (Fibra óptica) y aire acondicionado en las plantas del medio y dormitorio. En la planta baja no es necesario el aire acondicionado ya que es mas fresca pero la propiedad pone a su disposicion un ventilador. La casa también dispone de calefacción por gas y 2 chimeneas (madera) para los alquileres de invierno.,Se alquila para cortas temporadas (menos de 6 meses). Los gastos de luz, agua. gas se cobran aparte."" "," Chalet pareado,3 plantas,150 m² construidos, 110 m² útiles,1 habitación,2 baños,Terraza,Plaza de garaje incluida en el precio,Segunda mano/buen estado,Orientación este,Amueblado y cocina equipada,Calefacción central: Gas", Aire acondicionado ,"150 m²,1 hab.,Garaje incluido",,41.7001965,2.8481082,1200,Anuncio actualizado el 25 de febrero,627157760,"Alquiler de Chalet pareado en calle d'Agustí Cabañas, 9","Casc Antic, Lloret de Mar",Fianza de 2 meses,Raluca,Particular
https://www.idealista.com/inmueble/84414058/?xtmc=2_1_lloret&xtcr=30," MIGDIA, 67 , Distrito Casc Antic , Lloret de Mar , La Selva, Girona "," """"TRES MESES DE ALQUILER GRATIS,""SIN GASTOS DE AGENCIA NI DE FORMALIZACIÓN DE CONTRATO,Si lo que buscas es un piso, todo exterior, listo para entrar a vivir y todo totalmente reformado.,gastos de comunidad e impuestos incluidos en el alquiler,recién pintado,teléfono de asistencia al inquilino 24 h.,Listo para entrar a vivir ya,Se aceptan mascotas.,Descripción,Piso en alquiler en Lloret de Mar, Girona. Dispone de una superficie de 38 m². Acogedora vivienda distribuida en 1 habitación, luminoso salón-comedor con salida al balcón, cocina con pasaplatos al salón y 1 baño. Vivienda con el espacio optimizado con una distribución sin pasillos. Edificio con ascensor. En las inmediaciones del inmueble hay comercios, restaurantes, servicios y supermercados. Próximo a la playa. Con la GI-682 como principal acceso por carretera. Se alquila sin amueblar.,GASTOS DE FORMALIZACIÓN:,Mes en curso.,Fianza 2 meses de alquiler.,ITP.,Contratación de seguro del hogar-responsabilidad civil.,Los gastos de conexión de los suministros son a cargo de los arrendadores. (Se entregan los boletines a la formalización del contrato).,LLÁMANOS, CONCERTAREMOS VISITA Y TE MOSTRAREMOS LAS CONDICIONES DE CONTRATACIÓN"".,TELF COMERCIAL: 660 108 477. ""."" ","39 m² construidos,1 habitación,1 baño,Balcón,Segunda mano/buen estado,Cocina equipada y casa sin amueblar,Se admiten mascotas,Calefacción individual: Gas natural"," Planta 1ª exterior , Con ascensor ","39 m²,1 hab.,1ª planta exterior con ascensor",,41.7019567,2.8508145,455,Anuncio actualizado el 24 de febrero,935437190,"Alquiler de Piso en MIGDIA, 67","Casc Antic, Lloret de Mar",Fianza de 2 meses,universalis valles .,Profesional
https://www.idealista.com/inmueble/84434972/?xtmc=2_1_lloret&xtcr=30," , Distrito Serra Brava , Lloret de Mar , La Selva, Girona "," ""Casa con vistas al mar situada en la Urb. Serra Brava, a 1,5 km de la playa de Cala Canyelles. Dispone de piscina privada y garaje cerrado. Acceso con muchas escaleras[IW]."" "," Casa o chalet,150 m² construidos,4 habitaciones,2 baños,Parcela de 800 m²,Segunda mano/buen estado,Trastero,Certificación energética: en trámite"," Piscina , Jardín ","150 m²,4 hab.",,41.720024,2.8732744,1200,Anuncio actualizado el 26 de febrero,972930537,Alquiler de Casa o chalet en Serra Brava,Lloret de Mar,,Fincas Thalassa,Profesional
https://www.idealista.com/inmueble/84311893/?xtmc=2_1_lloret&xtcr=30," Calle SANT ISIDRE , Distrito Casc Antic , Lloret de Mar , La Selva, Girona "," ""TEMPORADA MÍNIMO 6 MESES.,Piso primera primera linea de mar, situación privilegiada en Lloret de Mar.,Totalmente reformado. Salon y cocina de concepto abierto con salida a la terraza, cocina con vitrocerámica y totalmente equipada.,Dos habitaciones dobles, con dos camas individuales en cada una, armarios dobles empotrados. Cuarto de baño de tres pieza, amplia ducha con mampara.,Parking opcional cerca de la finca."" ","65 m² construidos, 62 m² útiles,2 habitaciones,1 baño,Terraza,Segunda mano/buen estado,Armarios empotrados,Orientación sur,Amueblado y cocina equipada,Calefacción individual: Eléctrica"," Planta 1ª exterior , Con ascensor , Aire acondicionado ","65 m²,2 hab.,1ª planta exterior con ascensor",,41.6989131,2.8469269,800,Anuncio actualizado el 18 de febrero,972935249,Alquiler de Piso en calle SANT ISIDRE,"Casc Antic, Lloret de Mar",Fianza de 2 meses,Finques Proa,Profesional
https://www.idealista.com/inmueble/84043648/?xtmc=2_1_lloret&xtcr=30," Calle Esteve carles s/n , Distrito Casc Antic , Lloret de Mar , La Selva, Girona "," ""Bonito apartamento cerca de todos los servicios, colegios y parada de autobús. Tiene una habitación doble con baño completo con bañera, cocina con barra americana y salón comedor con salida a terraza. Listo para entrar a vivir!"" ","45 m² construidos, 40 m² útiles,1 habitación,1 baño,Terraza,Segunda mano/buen estado,Amueblado y cocina equipada"," Planta 2ª exterior , Con ascensor ","45 m²,1 hab.,2ª planta exterior con ascensor",,41.7034969,2.8482119,420,Anuncio actualizado el 27 de febrero,972935842,Alquiler de Piso en calle Esteve carles s/n,"Casc Antic, Lloret de Mar",,Immodaro,Profesional
https://www.idealista.com/inmueble/83319735/?xtmc=2_1_lloret&xtcr=30," Calle del Migdia , Distrito Casc Antic , Lloret de Mar , La Selva, Girona "," ""Piso en alquiler en Lloret de Mar, Girona. Dispone de una superficie de 38 mÂ². Acogedora vivienda distribuida en 1 habitaciÃ³n, luminoso salÃ³n-comedor con salida al balcÃ³n, cocina con pasaplatos al salÃ³n y 1 baÃ±o. Vivienda con el espacio optimizado con una distribuciÃ³n sin pasillos. Edificio con ascensor. En las inmediaciones del inmueble hay comercios, restaurantes, servicios y supermercados. PrÃ³ximo a la playa. Con la GI-682 como principal acceso por carretera. Se alquila sin amueblar. Ver mÃ¡s ofertas especiales en alquilovers. com."" ","39 m² construidos, 35 m² útiles,1 habitación,1 baño,Segunda mano/buen estado", Sin ascensor ,"39 m²,1 hab.,sin ascensor",,41.7036567,2.8515145,455,Anuncio actualizado el 23 de febrero,910312463,Alquiler de Piso en calle del Migdia,"Casc Antic, Lloret de Mar",,Agente comercial,Profesional
https://www.idealista.com/inmueble/84360514/?xtmc=2_1_lloret&xtcr=30," Calle Migdía , Distrito Casc Antic , Lloret de Mar , La Selva, Girona "," ""Apartamento Nuevo de 2 dormitorios, baño completo, cocina independiente, recibidor y salón-comedor. Semi amueblado y equipado.,Alquiler anual. ,Se encuentra en centro de lloret de mar, a solo 100 mts. de zona comercial y a 150 mts. de la playa. zona tranquila y residencial. Tiene autorizado el uso de una terraza privativa de 60 m2 en la planta cubierta del edificio."" ","68 m² construidos, 65 m² útiles,2 habitaciones,1 baño,Balcón,Segunda mano/buen estado,Orientación este,Construido en 2016,Amueblado y cocina equipada,No dispone de calefacción,Certificación energética: en trámite,Acceso adaptado a personas con movilidad reducida"," Planta 1ª exterior , Con ascensor ","68 m²,2 hab.,1ª planta exterior con ascensor",,41.7011586,2.8504587,610,Anuncio actualizado el 20 de febrero,972931547,Alquiler de Piso en calle Migdía,"Casc Antic, Lloret de Mar",Fianza de 3 meses,bg assessoria immobiliaria,Profesional
https://www.idealista.com/inmueble/84218797/?xtmc=2_1_lloret&xtcr=0," Calle de Riu de la Plata , Distrito Fenals , Lloret de Mar , La Selva, Girona "," ""Estupendo Estudio en Fenals totalmente reformado, cocina nueva, baño nuevo, parquet, balcón grande, piso muy luminoso,, listo para entrar a vivir."" ","45 m² construidos, 40 m² útiles,Sin habitación,1 baño,Balcón,Segunda mano/buen estado,Orientación este,Amueblado y cocina equipada,No dispone de calefacción,Certificación energética: en trámite"," Planta 1ª exterior , Con ascensor , Piscina , Jardín ","45 m²,1ª planta exterior con ascensor",,41.6961332,2.8336956,390,Anuncio actualizado el 20 de febrero,972936614,Alquiler de Estudio en calle de Riu de la Plata,"Fenals, Lloret de Mar",,Inmobiliarium,Profesional
https://www.idealista.com/inmueble/82472500/?xtmc=2_1_lloret&xtcr=0," Ciutat de la Paz , Distrito Fenals , Lloret de Mar , La Selva, Girona "," ""ALQUILER POR TEMPORADA DE INVIERNO SOLO HASTA FINALES DE MAYO. Acogedor estudio situado en una de las mejores zonas de Lloret de Mar, Fenals, cerca de todos los servicios. El piso consta de una estancia con sofá-cama cómodo, zona de comedor y cocina equipada y un baño con bañera. Zona comunitaria con jardín y piscina. Se piden garantías de pago, 1 mes de deposito, 1 mes de gestión y confección de contrato. No se admiten mascotas ni personas fumadoras."" ","25 m² construidos,Sin habitación,1 baño,Segunda mano/buen estado,Armarios empotrados,Orientación sur,Construido en 2000,Amueblado y cocina equipada,No dispone de calefacción,Certificación energética: en trámite,Acceso adaptado a personas con movilidad reducida"," Planta 3ª exterior , Con ascensor , Piscina , Jardín ","25 m²,3ª planta exterior con ascensor",,41.6972557,2.8300871,300,Anuncio actualizado el 20 de febrero,972080468,Alquiler de Estudio en Ciutat de la Paz,"Fenals, Lloret de Mar",Fianza de 1 mes,VERONIKA NARANKHO RODRIGES,Profesional
https://www.idealista.com/inmueble/84326500/?xtmc=2_1_lloret&xtcr=0," Calle de Riu de la Plata , Urb. Fenals , Distrito Fenals , Lloret de Mar , La Selva, Girona "," ""Estupendo apartamento en Fenals, cercano a todos los servicios, a 5 minutos de la playa y a 10 del centro de Lloret. Dispone de una habitación doble, cocina semi abierta, baño nuevo completamente reformado, balcón grande, jardín y piscina comunitaria. Sol de mañanas, parquing incluido en el precio.,Listo para entrar a vivir.,*Admite mascotas.,*Condiciones: Contrato de larga duración más las tres últimas nóminas o declaración de la renta para confeccionar seguro de alquiler.,*Importe para la entrada del piso: El mes en curso + 1 fianza +Impuesto de Transmisiones Patrimoniales + honorarios de oficina.,*Para concertar visita llamar al 972 37 60 86 y al 630 60 38 92."" ","65 m² construidos, 55 m² útiles,1 habitación,1 baño,Balcón,Plaza de garaje incluida en el precio,Segunda mano/buen estado,Armarios empotrados,Orientación este,Amueblado y cocina equipada,Se admiten mascotas,No dispone de calefacción,Certificación energética: en trámite"," Planta 3ª exterior , Con ascensor , Piscina , Jardín ","65 m²,1 hab.,3ª planta exterior con ascensor,Garaje incluido",,41.6981453,2.8309495,500,Anuncio actualizado el 20 de febrero,972936614,Alquiler de Piso en calle de Riu de la Plata,"Fenals, Lloret de Mar",Fianza de 1 mes,Inmobiliarium,Profesional
https://www.idealista.com/inmueble/84414218/?xtmc=2_1_lloret&xtcr=0," RIU DE PLATA, 56 , Distrito Fenals , Lloret de Mar , La Selva, Girona "," """"SIN GASTOS DE AGENCIA NI DE FORMALIZACIÓN DE CONTRATO,Si lo que buscas es un piso, todo exterior, listo para entrar a vivir y todo totalmente reformado.,gastos de comunidad e impuestos incluidos en el alquiler,recién pintado,teléfono de asistencia al inquilino 24 h.,Listo para entrar a vivir ya,Se aceptan mascotas.,Descripción,Piso en alquiler en Lloret de mar, Gerona. Dispone de una superficie de 76 m² distribuidos en 2 habitaciones, salón-comedor, cocina, 1 baño y terraza. Cocina con vitrocerámica y horno. Baño con bidet y bañera. Ubicado en una zona alrededor de comercios, servicios, restaurantes y paradas de autobús. Fácil acceso a la GI-682. Se alquila sin amueblar.,GASTOS DE FORMALIZACIÓN:,Mes en curso.,Fianza 2 meses de alquiler.,ITP.,Contratación de seguro del hogar-responsabilidad civil.,Los gastos de conexión de los suministros son a cargo de los arrendadores. (Se entregan los boletines a la formalización del contrato).,LLÁMANOS, CONCERTAREMOS VISITA Y TE MOSTRAREMOS LAS CONDICIONES DE CONTRATACIÓN"".,TELF COMERCIAL: 660 108 477. ""."" ","76 m² construidos,2 habitaciones,1 baño,Balcón,Segunda mano/buen estado,Cocina equipada y casa sin amueblar,Se admiten mascotas,No dispone de calefacción"," Planta 2ª exterior , Con ascensor ","76 m²,2 hab.,2ª planta exterior con ascensor",,41.6995753,2.8329664,515,Anuncio actualizado el 24 de febrero,935437190,"Alquiler de Piso en RIU DE PLATA, 56","Fenals, Lloret de Mar",Fianza de 2 meses,universalis valles .,Profesional
https://www.idealista.com/inmueble/39781042/?xtmc=2_1_lloret&xtcr=0," , Distrito Fenals , Lloret de Mar , La Selva, Girona "," ""Se vende o alquila piso en Lloret de Mar, zona Fenals. El piso consta de 45m2, distribuidos en salón comedor, cocina americana. 1 habitacion doble. 1 baño con plato de ducha. Dispone de dos armarios en la entrada que se hacen dos camas individuales. Terraza de 6m2. Suelos de parquet. Aire acondicionado/calefaccion bomba de calor. Finca con ascensor. Piscina comunitaria. Situado a 50m2 de la playa."" ","45 m² construidos,1 habitación,1 baño,Terraza,Segunda mano/buen estado,Amueblado y cocina equipada,Certificación energética: en trámite"," Planta 2ª exterior , Con ascensor , Aire acondicionado ","45 m²,1 hab.,2ª planta exterior con ascensor",,41.6953829,2.8361739,600,Anuncio actualizado el 17 de octubre,972934618,Alquiler de Piso en Fenals,Lloret de Mar,Fianza de 1 mes,Versalles Inmobiliaria,Profesional
https://www.idealista.com/inmueble/33569192/?xtmc=2_1_lloret&xtcr=0," Calle de riu de la plata, 29 Callederiudelaplata , Distrito Fenals , Lloret de Mar , La Selva, Girona "," ""Apartamiento en buena zona y bien comunicado: bus-taxi, supermercados, farmacia y zona de ocio, restaurantes y hoteles.. . Con zona infantil de recreo, vigilada todo el dia, 2 ascensores en el edificio. El piso mide 28m +4,5 de terrasa, es muy amplio, lo vendo ameublado listo para vivir, su precio es de 63,000€ los gastos de comunidad a l año son de 380€! Por mas informacion mi tel es +34 633763082.,Julio - Octubre precio más alto."" ","35 m² construidos, 29 m² útiles,Sin habitación,1 baño,Terraza,Segunda mano/buen estado,Orientación este,Amueblado y cocina equipada,Certificación energética: no indicado"," Planta 1ª exterior , Con ascensor , Piscina , Jardín ","35 m²,1ª planta exterior con ascensor",,41.6977956,2.8332022,550,Anuncio actualizado el 11 de febrero,+79253705075,"Alquiler de Estudio en calle de riu de la plata, 29 Callederiudelaplata","Fenals, Lloret de Mar",Fianza de 1 mes,Nick,Particular
https://www.idealista.com/inmueble/84319260/?xtmc=2_1_lloret&xtcr=0," , Distrito Fenals , Lloret de Mar , La Selva, Girona "," ""Estudio en alquiler en la zona de Fenals, edficio con piscina, zona comunitaria y ascensor. Bien comunicado,[IW]."" ","28 m² construidos,Sin habitación,1 baño,Segunda mano/buen estado,Amueblado y cocina equipada,Certificación energética: en trámite"," Con ascensor , Jardín ","28 m²,con ascensor",,41.7007255,2.8313463,380,Anuncio actualizado el 18 de febrero,972930537,Alquiler de Estudio en Fenals,Lloret de Mar,,Fincas Thalassa,Profesional
https://www.idealista.com/inmueble/28431740/?xtmc=2_1_lloret&xtcr=0," Calle Puerto Rico, 11 , Distrito Fenals , Lloret de Mar , La Selva, Girona "," ""Primera linea de mar. Se aceptan solo alquileres a corto plazo. El precio indicado se refiere a estancias mensuales en temporada baja. En los meses de verano los inquilinos tienen acceso a piscina de otra comunidad de vecinos que se encuentra a pocos metros, puesto que la piscina situada en el jardin de la parcela a la cual pertenece el edificio en el cual se encuentra el piso es de propriedad de un club maritimo tambien vecino de la propriedad misma. Por esta razon para aceder tanto al jardin como a la piscina de la parcela hay que ser socios del club y esto es posible solo para proprietarios que hayan comprado las cuotas del club."" ","115 m² construidos, 97 m² útiles,4 habitaciones,3 baños,Terraza,Segunda mano/buen estado,Armarios empotrados,Trastero,Orientación norte, sur,Amueblado y cocina equipada,Se admiten mascotas,Certificación energética: no indicado"," Planta 2ª exterior , Con ascensor , Piscina , Jardín ","115 m²,4 hab.,2ª planta exterior con ascensor",,41.695497,2.8330923,950,Anuncio actualizado el 6 de febrero,+393319541803,"Alquiler de Piso en calle Puerto Rico, 11","Fenals, Lloret de Mar",,mario,Particular
https://www.idealista.com/inmueble/83894431/?xtmc=2_1_lloret&xtcr=0," Passatge Buenos Aires , Distrito Fenals , Lloret de Mar , La Selva, Girona "," ""Bonito apartamento amueblado en alquiler de 80 m2 en Blanes (complejo los Fresnos).,Situado en complejo residencial muy tranquilo a 350m de la playa de Fenals y a 10' a pie del centro de Lloret, el piso tiene 3 habitaciones una de ellas en suitte con salida a terraza el resto individuales. La cocina va totalmente equipada con todos los electrodomésticos, el comedor es a dos niveles con salida a terraza. Goza de dos baños completos con bañera.,La finca tiene zona ajardinada y piscina comunitaria. Carpintería de aluminio y el piso es muy soleado con mucha luz natural."" ","80 m² construidos,3 habitaciones,2 baños,Terraza,Armarios empotrados,Orientación sur,Certificación energética: en trámite"," exterior , Con ascensor , Aire acondicionado , Piscina ","80 m²,3 hab.,con ascensor",,41.6966414,2.833559,1000,Anuncio actualizado el 22 de enero,932756239,Alquiler de Piso en Passatge Buenos Aires,"Fenals, Lloret de Mar",,Monika Rüsch Real Estate,Profesional
https://www.idealista.com/inmueble/84285075/?xtmc=2_1_lloret&xtcr=0," narcis Macia i domenech, 33 , Urb. Fenals Santa Clotilde , Distrito Fenals , Lloret de Mar , La Selva, Girona "," ""apartamento en fenals, . 2 habitaciones, con plaza de parquing incluida. tiene piscina comunitaria ,muy cerca de todos los servicios y a 300 metros de la playa. ,contrato de trabajo para hacer seguro.,2 meses de fianza, 1 mes en curso y mes de inmobiliaria."" ","65 m² construidos, 50 m² útiles,2 habitaciones,1 baño,Balcón,Plaza de garaje incluida en el precio,Segunda mano/buen estado,Armarios empotrados,Orientación sur, oeste,Construido en 2001,Cocina equipada y casa sin amueblar,Calefacción individual: Eléctrica,Certificación energética: en trámite,Vivienda apta para su uso por personas con movilidad reducida"," Planta 1ª exterior , Con ascensor , Aire acondicionado , Piscina , Jardín ","65 m²,2 hab.,1ª planta exterior con ascensor,Garaje incluido",,41.6964832,2.8268357,580,Anuncio actualizado el 14 de febrero,972931273,"Alquiler de Piso en narcis Macia i domenech, 33","Fenals, Lloret de Mar",,Monica jimenez del Barrio,Profesional
https://www.idealista.com/inmueble/83741038/?xtmc=2_1_lloret&xtcr=0," Calle de Riu de la Plata, 22 , Distrito Fenals , Lloret de Mar , La Selva, Girona "," ""Estudio recién reformado a estrenar. Acabados de calidad. Amplia terraza. TV 32 pul. Lavadora. Micro-ondas combi con grill. Tostadora. Secador. Aire acondicionado con bomba de calor. Baño totalmente reformado con amplio plato de ducha y bidet. Nevera con congelador. Cama de matrimonio 1,50mt. Piscina y parque comunitario. 100mt de la playa de Fenals. Perfecto. Parking 24h muy cercano. Se Alquila por meses. 465€/mes para todo el año gastos comunitario incluido.,(Enero Febrero Marzo Abril Mayo 565€.,Junio 765€. Julio 1265€. Agosto 1565€. Septiembre 765€. Todo incluido)."" ","30 m² construidos,Sin habitación,1 baño,Terraza,Balcón,Segunda mano/buen estado,Amueblado y cocina equipada"," Planta 2ª exterior , Con ascensor , Aire acondicionado , Piscina , Jardín ","30 m²,2ª planta exterior con ascensor",,41.6973123,2.8334275,465,Anuncio actualizado el 9 de enero,652820093,"Alquiler de Estudio en calle de Riu de la Plata, 22","Fenals, Lloret de Mar",Fianza de 2 meses,lorenzo clementi,Particular
https://www.idealista.com/inmueble/83852602/?xtmc=2_1_lloret&xtcr=0," Pere codina i Mont, 4 , Distrito Fenals , Lloret de Mar , La Selva, Girona "," ""Solo ventajas! al disfrutar de la playa en verano, estar cerca de todos los servicios, tener seguridad y tranquilidad, tener un acceso amplio y aparcar cómodamente entonces ven a visitar esta magnífica y equipada Vivienda situadas en quinta planta con bonitas vistas y gran luminosidad.,Piso de 90 m2 útiles. Compuesto de Salón comedor, cocina tipo office y 3 hab.,Excelente iluminación y orientación, edificio equipado con zonas ajardinadas, ascensor, acceso para minusválidos.,Plaza de aparcamiento opcional (no incluida en el PVP), el precio de la plaza de alquiler junto al piso es de 90€ / mes. al apartamento es de 90€.,La vivienda se entrega con muebles y electrodomésticos. ¡Así que puedes ahorrar en decoración y equipación!,El equipamiento que tiene este piso: horno, encimera. Ventanas de aluminio con doble cristal.,Precio:,645 € / mes.,Condiciones de alquiler:,1 mes de fianza legal,1 mes por adelantado,1 mes +IVA de gestión,115 € + IVA coste redacción de contrato.,Requisitos:,2 últimas nóminas.,Contrato de trabajo de más de un año.,Riesgo máximo: (DEBE PASAR UN FILTRO DE SEGURO A CARGO DEL PROPIETARIO),40 % de los ingresos. (Por ejemplo: Si el alquiler es de 550 €, el inquilino, inquilinos o aval deberán ingresar un mínimo de 1.400 € al mes en conjunto).,Si reúnes estos requisitos, está será tu vivienda. Ven a verla sin compromiso."" ","96 m² construidos, 90 m² útiles,3 habitaciones,2 baños,Terraza,Balcón,Segunda mano/buen estado,Armarios empotrados,Orientación este,Construido en 1986,Amueblado y cocina equipada,Se admiten mascotas,No dispone de calefacción,Acceso adaptado a personas con movilidad reducida"," Planta 5ª exterior , Con ascensor , Jardín ","96 m²,3 hab.,5ª planta exterior con ascensor",,41.7001051,2.8346441,650,Anuncio actualizado el 26 de febrero,935431954,"Alquiler de Piso en Pere codina i Mont, 4","Fenals, Lloret de Mar",Fianza de 2 meses,JCF REAL ESTATE,Profesional
https://www.idealista.com/inmueble/81429207/?xtmc=2_1_lloret&xtcr=0," Passatge Torre Campdera, 3 , Distrito Fenals , Lloret de Mar , La Selva, Girona "," ""El apartamento Punta Marinera es un alojamiento confortable y en zona tranquila que dispone de 2 dormitorios dobles, 2 baños completos con bañera y salón con TV. Posibilidad de pedir sofa cama. Está situado en primera línea de playa, con vistas al mar y a la piscina. ,Se encuentra a 100m de la playa de Lloret de Mar, 200m de la ciudad, 400m de la estación de autobuses y a 6km de la estación de tren ""Blanes"". Zona ideal para familias y junto al mar. El parque acuático Water World queda a 3 km. ,Dispone de ascensor, jardín y piscina comunitaria, terraza, patio privado en la planta de arriba, parking cubierto en el mismo edificio y trastero.,La cocina está equipada con fogones, nevera, microondas, horno, congelador, lavadora, lavavajillas y cafetera. Se proporciona ropa de cama y toallas."" ","200 m² construidos, 75 m² útiles,2 habitaciones,2 baños,Terraza,Balcón,Plaza de garaje incluida en el precio,Segunda mano/buen estado,Armarios empotrados,Trastero,Amueblado y cocina equipada,Se admiten mascotas,Certificación energética: no indicado"," Planta 2ª exterior , Con ascensor , Piscina , Jardín ","200 m²,2 hab.,2ª planta exterior con ascensor,Garaje incluido",,41.69697,2.8433099,3000,más de 2 meses sin actualizar,618197844,"Alquiler de Ático en Passatge Torre Campdera, 3","Fenals, Lloret de Mar",Fianza de 1 mes,Verónica,Particular
